[{"id":0,"ticker":"Merval","precio":92.095,"industria":"Indice","bolsa":"BCBA","macd":3.51,"rsi":71.70,"wma21":1.61,"D1":0.00},
    {"id":1,"ticker":"S&P500","precio":4.685,"industria":"Indice","bolsa":"NYSE","macd":1.25,"rsi":78.02,"wma21":1.24,"D1":0.33},
    {"id":2,"ticker":"Nasdaq","precio":16.308,"industria":"Indice","bolsa":"NYSE","macd":1.42,"rsi":72.22,"wma21":1.73,"D1":0.75},
    {"id":3,"ticker":"DowJones","precio":35.931,"industria":"Indice","bolsa":"NYSE","macd":0.87,"rsi":66.52,"wma21":0.38,"D1":0.15},
    {"id":4,"ticker":"AGRO","precio":42.00,"industria":"Agricultura","bolsa":"BCBA","macd":7.43,"rsi":70.25,"wma21":6.35,"D1":-4.17},
    {"id":5,"ticker":"ALUA","precio":95.40,"industria":"Industria","bolsa":"BCBA","macd":10.77,"rsi":77.11,"wma21":8.55,"D1":-2.18},
    {"id":6,"ticker":"AUSO","precio":112.75,"industria":"Transporte","bolsa":"BCBA","macd":3.99,"rsi":58.25,"wma21":-0.20,"D1":-2.63},
    {"id":7,"ticker":"BBAR","precio":243.50,"industria":"Finanzas","bolsa":"BCBA","macd":1.96,"rsi":42.54,"wma21":-8.41,"D1":-6.88},
    {"id":8,"ticker":"BHIP","precio":9.44,"industria":"Finanzas","bolsa":"BCBA","macd":0.12,"rsi":44.27,"wma21":-3.21,"D1":-1.53},
    {"id":9,"ticker":"BMA","precio":325.00,"industria":"Finanzas","bolsa":"BCBA","macd":1.97,"rsi":43.43,"wma21":-6.66,"D1":-7.50},
    {"id":10,"ticker":"BOLT","precio":3.98,"industria":"Tecnología","bolsa":"BCBA","macd":1.97,"rsi":54.67,"wma21":-0.03,"D1":-2.58},
    {"id":11,"ticker":"BPAT","precio":79.40,"industria":"Finanzas","bolsa":"BCBA","macd":0.82,"rsi":46.54,"wma21":-2.02,"D1":-1.24},
    {"id":12,"ticker":"BRIO","precio":30.30,"industria":"Finanzas","bolsa":"BCBA","macd":0.90,"rsi":58.96,"wma21":0.28,"D1":0.33},
    {"id":13,"ticker":"BYMA","precio":861.00,"industria":"Finanzas","bolsa":"BCBA","macd":2.11,"rsi":61.86,"wma21":3.07,"D1":-0.23},
    {"id":14,"ticker":"CADO","precio":30.70,"industria":"Agricultura","bolsa":"BCBA","macd":0.84,"rsi":55.42,"wma21":0.68,"D1":0.00},
    {"id":15,"ticker":"CAPX","precio":111.00,"industria":"Petróleo","bolsa":"BCBA","macd":2.97,"rsi":45.57,"wma21":-5.89,"D1":-3.39},
    {"id":16,"ticker":"CARC","precio":2.21,"industria":"Petróleo","bolsa":"BCBA","macd":0.43,"rsi":47.78,"wma21":-1.51,"D1":0.90},
    {"id":17,"ticker":"CECO2","precio":33.40,"industria":"Energía","bolsa":"BCBA","macd":5.42,"rsi":61.94,"wma21":0.50,"D1":-3.10},
    {"id":18,"ticker":"CEPU","precio":75.00,"industria":"Energía","bolsa":"BCBA","macd":4.75,"rsi":51.45,"wma21":-4.05,"D1":-5.62},
    {"id":19,"ticker":"COME","precio":5.80,"industria":"Holding","bolsa":"BCBA","macd":3.26,"rsi":62.06,"wma21":2.84,"D1":-0.68},
    {"id":20,"ticker":"CRES","precio":106.75,"industria":"Agricultura","bolsa":"BCBA","macd":1.09,"rsi":47.94,"wma21":-2.79,"D1":-0.28},
    {"id":21,"ticker":"CTIO","precio":202.00,"industria":"Finanzas","bolsa":"BCBA","macd":4.34,"rsi":72.66,"wma21":1.75,"D1":-0.98},
    {"id":22,"ticker":"CVH","precio":601.00,"industria":"Tecnología","bolsa":"BCBA","macd":9.73,"rsi":78.96,"wma21":12.29,"D1":2.17},
    {"id":23,"ticker":"DGCU2","precio":40.30,"industria":"Energía","bolsa":"BCBA","macd":1.70,"rsi":48.26,"wma21":-3.63,"D1":-0.24},
    {"id":24,"ticker":"EDN","precio":61.30,"industria":"Energía","bolsa":"BCBA","macd":-0.52,"rsi":34.16,"wma21":-12.91,"D1":-6.86},
    {"id":25,"ticker":"GAMI","precio":43.50,"industria":"Tecnología","bolsa":"BCBA","macd":1.93,"rsi":65.85,"wma21":3.72,"D1":0.80},
    {"id":26,"ticker":"GGAL","precio":213.50,"industria":"Finanzas","bolsa":"BCBA","macd":4.12,"rsi":44.73,"wma21":-8.09,"D1":-7.29},
    {"id":27,"ticker":"HARG","precio":168.50,"industria":"Industria","bolsa":"BCBA","macd":1.56,"rsi":45.28,"wma21":-3.91,"D1":-3.85},
    {"id":28,"ticker":"IRSA","precio":97.00,"industria":"Inmuebles","bolsa":"BCBA","macd":5.04,"rsi":52.89,"wma21":-3.40,"D1":-2.77},
    {"id":29,"ticker":"LEDE","precio":66.00,"industria":"Industria","bolsa":"BCBA","macd":4.95,"rsi":57.28,"wma21":-0.74,"D1":-4.26},
    {"id":30,"ticker":"LOMA","precio":289.00,"industria":"Industria","bolsa":"BCBA","macd":2.58,"rsi":49.20,"wma21":0.42,"D1":-2.47},
    {"id":31,"ticker":"METR","precio":35.60,"industria":"Energía","bolsa":"BCBA","macd":0.92,"rsi":36.07,"wma21":-11.22,"D1":-6.84},
    {"id":32,"ticker":"MIRG","precio":3.934,"industria":"Industria","bolsa":"BCBA","macd":2.71,"rsi":68.06,"wma21":1.32,"D1":0.13},
    {"id":33,"ticker":"MOLA","precio":1.217,"industria":"Agricultura","bolsa":"BCBA","macd":3.12,"rsi":64.36,"wma21":3.78,"D1":-2.48},
    {"id":34,"ticker":"MOLI","precio":122.00,"industria":"Agricultura","bolsa":"BCBA","macd":4.36,"rsi":59.59,"wma21":-0.01,"D1":-3.94},
    {"id":35,"ticker":"MORI","precio":15.50,"industria":"Agricultura","bolsa":"BCBA","macd":-0.11,"rsi":38.88,"wma21":-4.59,"D1":-2.82},
    {"id":36,"ticker":"OEST","precio":41.65,"industria":"Transporte","bolsa":"BCBA","macd":1.92,"rsi":52.91,"wma21":-0.60,"D1":-1.67},
    {"id":37,"ticker":"PAMP","precio":153.75,"industria":"Energía","bolsa":"BCBA","macd":2.38,"rsi":48.16,"wma21":-3.85,"D1":-3.32},
    {"id":38,"ticker":"PATA","precio":36.30,"industria":"Finanzas","bolsa":"BCBA","macd":2.67,"rsi":63.02,"wma21":2.03,"D1":-0.53},
    {"id":39,"ticker":"PGR","precio":13.50,"industria":"Petróleo","bolsa":"BCBA","macd":-1.01,"rsi":34.50,"wma21":-6.99,"D1":-3.28},
    {"id":40,"ticker":"RICH","precio":239.50,"industria":"Agricultura","bolsa":"BCBA","macd":0.23,"rsi":50.19,"wma21":-0.16,"D1":-0.42},
    {"id":41,"ticker":"SAMI","precio":154.00,"industria":"Agricultura","bolsa":"BCBA","macd":4.79,"rsi":53.94,"wma21":-1.84,"D1":-7.40},
    {"id":42,"ticker":"SEMI","precio":5.82,"industria":"Agricultura","bolsa":"BCBA","macd":0.87,"rsi":49.53,"wma21":-0.95,"D1":-1.01},
    {"id":43,"ticker":"SUPV","precio":89.80,"industria":"Finanzas","bolsa":"BCBA","macd":1.34,"rsi":44.57,"wma21":-5.25,"D1":-4.17},
    {"id":44,"ticker":"TECO2","precio":225.80,"industria":"Tecnología","bolsa":"BCBA","macd":3.56,"rsi":61.43,"wma21":1.71,"D1":0.00},
    {"id":45,"ticker":"TGLT","precio":3.90,"industria":"Inmuebles","bolsa":"BCBA","macd":0.21,"rsi":43.40,"wma21":-3.44,"D1":0.00},
    {"id":46,"ticker":"TGNO4","precio":86.50,"industria":"Energía","bolsa":"BCBA","macd":-0.08,"rsi":35.03,"wma21":-11.94,"D1":-7.24},
    {"id":47,"ticker":"TGSU2","precio":218.00,"industria":"Energía","bolsa":"BCBA","macd":2.48,"rsi":50.58,"wma21":-2.63,"D1":-2.48},
    {"id":48,"ticker":"TRAN","precio":56.00,"industria":"Energía","bolsa":"BCBA","macd":2.07,"rsi":39.26,"wma21":-11.97,"D1":-4.09},
    {"id":49,"ticker":"TXAR","precio":130.75,"industria":"Industria","bolsa":"BCBA","macd":8.55,"rsi":71.71,"wma21":6.83,"D1":-0.74},
    {"id":50,"ticker":"VALO","precio":24.45,"industria":"Finanzas","bolsa":"BCBA","macd":0.48,"rsi":43.62,"wma21":-2.73,"D1":-2.39},
    {"id":51,"ticker":"YPFD","precio":850.00,"industria":"Petróleo","bolsa":"BCBA","macd":0.17,"rsi":40.94,"wma21":-5.95,"D1":-4.29}]
    